"outcome","g","t","e","att","n_treated","n_control"
"ln_mtb","2015","2015","0","0.2781742178","8","1453"
"ln_mtb","2015","2016","1","0.107123896","8","1442"
"ln_mtb","2015","2017","2","0.0945231289","8","1430"
"ln_mtb","2015","2018","3","0.07070132642","8","1418"
"ln_mtb","2015","2019","4","-0.06881412068","8","1407"
"ln_mtb","2016","2014","-2","-0.3498136203","7","1455"
"ln_mtb","2016","2016","0","0.02622704125","8","1527"
"ln_mtb","2016","2017","1","0.07177742903","8","1496"
"ln_mtb","2016","2018","2","0.03922751448","8","1483"
"ln_mtb","2016","2019","3","-0.03702789443","8","1476"
"ln_mtb","2016","2020","4","0.05328682604","8","1467"
"ln_mtb","2017","2014","-3","-0.281314145","6","1444"
"ln_mtb","2017","2015","-2","0.04815200613","6","1524"
"ln_mtb","2017","2017","0","0.05205684446","6","1561"
"ln_mtb","2017","2018","1","0.1468973478","5","1539"
"ln_mtb","2017","2019","2","0.01940032093","5","1531"
"ln_mtb","2017","2020","3","-0.04746829276","6","1522"
"ln_mtb","2017","2021","4","-0.2550426344","5","1504"
"ln_mtb","2018","2014","-4","-0.961253503","7","1431"
"ln_mtb","2018","2015","-3","-0.7061667277","7","1496"
"ln_mtb","2018","2016","-2","-0.7492098094","7","1564"
"ln_mtb","2018","2018","0","0.4440329957","7","1652"
"ln_mtb","2018","2019","1","0.2838839476","7","1626"
"ln_mtb","2018","2020","2","0.4983043542","7","1614"
"ln_mtb","2018","2021","3","0.2133757325","7","1599"
"ln_mtb","2018","2022","4","0.03426173846","7","1604"
"ln_mtb","2019","2014","-5","-0.5030929108","22","1420"
"ln_mtb","2019","2015","-4","-0.3963719409","25","1483"
"ln_mtb","2019","2016","-3","-0.2669735543","27","1542"
"ln_mtb","2019","2017","-2","-0.03342731828","28","1652"
"ln_mtb","2019","2019","0","0.08950552077","29","1715"
"ln_mtb","2019","2020","1","0.1342731116","29","1696"
"ln_mtb","2019","2021","2","-0.06291659306","29","1672"
"ln_mtb","2019","2022","3","0.02669536226","29","1675"
"ln_mtb","2019","2023","4","0.02651324294","29","1655"
"ln_mtb","2020","2015","-5","-0.239709391","68","1476"
"ln_mtb","2020","2016","-4","-0.1915942544","71","1534"
"ln_mtb","2020","2017","-3","-0.09746404499","76","1626"
"ln_mtb","2020","2018","-2","-0.06064618922","80","1715"
"ln_mtb","2020","2020","0","0.05110328964","84","1811"
"ln_mtb","2020","2021","1","-0.05750302351","80","1764"
"ln_mtb","2020","2022","2","-0.03772622109","83","1759"
"ln_mtb","2020","2023","3","-0.07120285043","84","1733"
"ln_mtb","2020","2024","4","-0.1245764265","84","1732"
"ln_mtb","2021","2016","-5","-0.1623020518","119","1525"
"ln_mtb","2021","2017","-4","-0.07545130076","125","1613"
"ln_mtb","2021","2018","-3","-0.02912317139","123","1695"
"ln_mtb","2021","2019","-2","0.02517739972","129","1810"
"ln_mtb","2021","2021","0","-0.01627198879","127","1846"
"ln_mtb","2021","2022","1","-0.04376054392","126","1829"
"ln_mtb","2021","2023","2","-0.04153968779","125","1799"
"ln_mtb","2021","2024","3","-0.063220633","128","1796"
"ln_mtb","2022","2017","-5","0.02897226612","197","1599"
"ln_mtb","2022","2018","-4","-0.005306788579","198","1672"
"ln_mtb","2022","2019","-3","0.009244109764","206","1764"
"ln_mtb","2022","2020","-2","0.00581390827","212","1847"
"ln_mtb","2022","2022","0","0.03396109437","216","1941"
"ln_mtb","2022","2023","1","0.05020752614","213","1899"
"ln_mtb","2022","2024","2","0.06317514631","218","1895"
"ln_mtb","2023","2018","-5","-0.04084628883","75","1675"
"ln_mtb","2023","2019","-4","-0.004883362043","78","1758"
"ln_mtb","2023","2020","-3","0.06368777739","87","1830"
"ln_mtb","2023","2021","-2","-0.07584096291","93","1941"
"ln_mtb","2023","2023","0","-0.05815733236","101","2065"
"ln_mtb","2023","2024","1","-0.1147983366","102","2034"
"ln_mtb","2024","2019","-5","-0.1955808644","16","1732"
"ln_mtb","2024","2020","-4","-0.08932871619","17","1800"
"ln_mtb","2024","2021","-3","-0.1494747092","17","1899"
"ln_mtb","2024","2022","-2","-0.07515874766","19","2065"
"ln_mtb","2024","2024","0","-0.06112412069","29","2189"
"ln_mcap","2015","2015","0","0.3502628906","8","1556"
"ln_mcap","2015","2016","1","0.1730440597","8","1556"
"ln_mcap","2015","2017","2","0.2074239244","8","1556"
"ln_mcap","2015","2018","3","0.2424325378","8","1556"
"ln_mcap","2015","2019","4","0.1956661112","8","1556"
"ln_mcap","2016","2014","-2","-0.5497753754","8","1575"
"ln_mcap","2016","2016","0","0.06526041779","8","1629"
"ln_mcap","2016","2017","1","0.1322501794","8","1629"
"ln_mcap","2016","2018","2","0.2669852047","8","1629"
"ln_mcap","2016","2019","3","0.2545604566","8","1629"
"ln_mcap","2016","2020","4","0.1506677498","8","1629"
"ln_mcap","2017","2014","-3","-0.6653201456","6","1572"
"ln_mcap","2017","2015","-2","-0.343423267","6","1631"
"ln_mcap","2017","2017","0","-0.02881305699","6","1677"
"ln_mcap","2017","2018","1","0.1494977387","6","1677"
"ln_mcap","2017","2019","2","0.111799058","6","1677"
"ln_mcap","2017","2020","3","0.1518681804","6","1677"
"ln_mcap","2017","2021","4","-0.06350147795","6","1677"
"ln_mcap","2018","2014","-4","-0.9977641824","7","1578"
"ln_mcap","2018","2015","-3","-0.7319918527","7","1639"
"ln_mcap","2018","2016","-2","-0.7640093571","7","1689"
"ln_mcap","2018","2018","0","0.4693800044","8","1773"
"ln_mcap","2018","2019","1","0.3601798072","8","1773"
"ln_mcap","2018","2020","2","0.3379275078","8","1773"
"ln_mcap","2018","2021","3","0.2024668816","8","1773"
"ln_mcap","2018","2022","4","0.2417889137","8","1773"
"ln_mcap","2019","2014","-5","-0.6509533317","24","1580"
"ln_mcap","2019","2015","-4","-0.5738590007","26","1640"
"ln_mcap","2019","2016","-3","-0.3614279271","29","1691"
"ln_mcap","2019","2017","-2","-0.07715846868","29","1780"
"ln_mcap","2019","2019","0","0.1140848567","29","1862"
"ln_mcap","2019","2020","1","0.2205741138","29","1862"
"ln_mcap","2019","2021","2","0.07132831894","29","1862"
"ln_mcap","2019","2022","3","0.1757582919","29","1862"
"ln_mcap","2019","2023","4","0.2477325445","29","1862"
"ln_mcap","2020","2015","-5","-0.4282796376","70","1633"
"ln_mcap","2020","2016","-4","-0.3747668547","73","1684"
"ln_mcap","2020","2017","-3","-0.2062564468","79","1774"
"ln_mcap","2020","2018","-2","-0.1264210777","81","1857"
"ln_mcap","2020","2020","0","0.02126163452","85","1961"
"ln_mcap","2020","2021","1","-0.02916376299","85","1961"
"ln_mcap","2020","2022","2","-0.007405447694","85","1961"
"ln_mcap","2020","2023","3","0.01585508322","85","1961"
"ln_mcap","2020","2024","4","0.01444445735","85","1961"
"ln_mcap","2021","2016","-5","-0.3065056487","121","1689"
"ln_mcap","2021","2017","-4","-0.1166042173","125","1780"
"ln_mcap","2021","2018","-3","-0.1089941117","127","1864"
"ln_mcap","2021","2019","-2","-0.05594103427","129","1969"
"ln_mcap","2021","2021","0","0.007085337335","131","2036"
"ln_mcap","2021","2022","1","-0.1723963855","131","2036"
"ln_mcap","2021","2023","2","-0.2240273533","131","2036"
"ln_mcap","2021","2024","3","-0.1987820246","131","2036"
"ln_mcap","2022","2017","-5","0.04290588905","205","1781"
"ln_mcap","2022","2018","-4","-0.06447959109","212","1867"
"ln_mcap","2022","2019","-3","-0.02266697219","216","1973"
"ln_mcap","2022","2020","-2","-0.04426798164","222","2043"
"ln_mcap","2022","2022","0","-0.09867485705","226","2146"
"ln_mcap","2022","2023","1","-0.09915429256","226","2146"
"ln_mcap","2022","2024","2","-0.06921004026","226","2146"
"ln_mcap","2023","2018","-5","0.04804594274","81","1866"
"ln_mcap","2023","2019","-4","0.08760758532","84","1970"
"ln_mcap","2023","2020","-3","0.2182196416","89","2039"
"ln_mcap","2023","2021","-2","0.1098052931","94","2144"
"ln_mcap","2023","2023","0","-0.08525688371","104","2269"
"ln_mcap","2023","2024","1","-0.08526488513","104","2269"
"ln_mcap","2024","2019","-5","0.1100731678","16","1963"
"ln_mcap","2024","2020","-4","0.1158265925","17","2032"
"ln_mcap","2024","2021","-3","-0.006384392682","18","2138"
"ln_mcap","2024","2022","-2","0.1333571015","19","2263"
"ln_mcap","2024","2024","0","0.02518330998","30","2390"
"leverage","2015","2015","0","0.02444868026","8","1413"
"leverage","2015","2016","1","0.03093917168","8","1393"
"leverage","2015","2017","2","0.02476568282","8","1363"
"leverage","2015","2018","3","0.02311720771","7","1359"
"leverage","2015","2019","4","0.02055355023","7","1368"
"leverage","2016","2014","-2","-0.007593630634","8","1413"
"leverage","2016","2016","0","0.02510242948","8","1514"
"leverage","2016","2017","1","0.02616916574","9","1472"
"leverage","2016","2018","2","0.005278815221","9","1465"
"leverage","2016","2019","3","0.01783021898","9","1465"
"leverage","2016","2020","4","0.03649293249","9","1499"
"leverage","2017","2014","-3","0.006714043786","6","1393"
"leverage","2017","2015","-2","-0.01327519245","7","1514"
"leverage","2017","2017","0","-0.007180091631","7","1601"
"leverage","2017","2018","1","-0.0263089543","5","1580"
"leverage","2017","2019","2","-0.07068367526","6","1580"
"leverage","2017","2020","3","-0.0617304339","7","1608"
"leverage","2017","2021","4","-0.04467704734","7","1601"
"leverage","2018","2014","-4","-0.04287223961","7","1363"
"leverage","2018","2015","-3","0.05725759656","8","1472"
"leverage","2018","2016","-2","0.04871625346","8","1601"
"leverage","2018","2018","0","0.05928669853","7","1711"
"leverage","2018","2019","1","0.02633106777","8","1675"
"leverage","2018","2020","2","0.008489967162","8","1700"
"leverage","2018","2021","3","0.01619252329","8","1698"
"leverage","2018","2022","4","0.01037456884","8","1686"
"leverage","2019","2014","-5","0.009061451719","25","1359"
"leverage","2019","2015","-4","-0.0171102897","25","1465"
"leverage","2019","2016","-3","0.02114667369","26","1580"
"leverage","2019","2017","-2","0.007844296134","28","1711"
"leverage","2019","2019","0","0.00158844","28","1829"
"leverage","2019","2020","1","0.01021710398","29","1844"
"leverage","2019","2021","2","0.01685603651","29","1835"
"leverage","2019","2022","3","0.0297483881","29","1826"
"leverage","2019","2023","4","0.02788483254","29","1817"
"leverage","2020","2015","-5","0.04161446608","72","1465"
"leverage","2020","2016","-4","0.05747777903","76","1580"
"leverage","2020","2017","-3","0.04346739461","77","1675"
"leverage","2020","2018","-2","0.03065250534","81","1829"
"leverage","2020","2020","0","0.01897153844","86","2033"
"leverage","2020","2021","1","0.03250120662","85","1999"
"leverage","2020","2022","2","0.03968852774","84","1988"
"leverage","2020","2023","3","0.03173986716","86","1974"
"leverage","2020","2024","4","0.04200868897","86","1971"
"leverage","2021","2016","-5","0.02282001636","114","1608"
"leverage","2021","2017","-4","0.02083305536","118","1700"
"leverage","2021","2018","-3","0.02016929109","121","1844"
"leverage","2021","2019","-2","0.01164332511","124","2033"
"leverage","2021","2021","0","-0.008554505287","123","2232"
"leverage","2021","2022","1","0.005688607914","123","2208"
"leverage","2021","2023","2","0.002424856277","123","2194"
"leverage","2021","2024","3","0.008601782881","127","2192"
"leverage","2022","2017","-5","0.02418600706","188","1698"
"leverage","2022","2018","-4","0.008460115244","195","1835"
"leverage","2022","2019","-3","0.01413858392","203","1999"
"leverage","2022","2020","-2","0.01419512802","212","2232"
"leverage","2022","2022","0","0.002023915502","212","2312"
"leverage","2022","2023","1","-0.001674152959","207","2285"
"leverage","2022","2024","2","0.00227056722","211","2281"
"leverage","2023","2018","-5","0.02456443746","81","1826"
"leverage","2023","2019","-4","0.008553663172","89","1988"
"leverage","2023","2020","-3","-0.002485997176","98","2208"
"leverage","2023","2021","-2","-0.004695479699","102","2312"
"leverage","2023","2023","0","0.002563824959","99","2336"
"leverage","2023","2024","1","0.009836783166","102","2304"
"leverage","2024","2019","-5","-0.001348292667","26","1974"
"leverage","2024","2020","-4","0.008206719159","32","2194"
"leverage","2024","2021","-3","0.001617524805","33","2285"
"leverage","2024","2022","-2","0.007272621762","32","2336"
"leverage","2024","2024","0","0.005985729367","33","2339"
"ln_asset","2015","2015","0","0.09670990876","8","1709"
"ln_asset","2015","2016","1","0.1013100764","8","1703"
"ln_asset","2015","2017","2","0.09695462603","8","1697"
"ln_asset","2015","2018","3","0.1054442118","8","1700"
"ln_asset","2015","2019","4","0.1117071817","8","1690"
"ln_asset","2016","2014","-2","-0.1959114422","8","1709"
"ln_asset","2016","2016","0","0.09168359738","8","1824"
"ln_asset","2016","2017","1","0.1466668657","9","1805"
"ln_asset","2016","2018","2","0.1567924972","9","1810"
"ln_asset","2016","2019","3","0.1922656185","9","1803"
"ln_asset","2016","2020","4","0.3075204901","9","1807"
"ln_asset","2017","2014","-3","-0.3362319758","6","1703"
"ln_asset","2017","2015","-2","-0.2837775318","7","1824"
"ln_asset","2017","2017","0","-0.03645418933","7","1930"
"ln_asset","2017","2018","1","-0.03751580164","5","1926"
"ln_asset","2017","2019","2","-0.1012404434","6","1919"
"ln_asset","2017","2020","3","0.06269364645","7","1924"
"ln_asset","2017","2021","4","0.1408686937","7","1923"
"ln_asset","2018","2014","-4","0.118522358","7","1697"
"ln_asset","2018","2015","-3","0.09847967627","8","1805"
"ln_asset","2018","2016","-2","0.05207474021","8","1930"
"ln_asset","2018","2018","0","0.09080741314","7","2050"
"ln_asset","2018","2019","1","0.03942742144","8","2030"
"ln_asset","2018","2020","2","0.1127857896","8","2036"
"ln_asset","2018","2021","3","0.09187173353","8","2037"
"ln_asset","2018","2022","4","0.1042251436","8","2033"
"ln_asset","2019","2014","-5","-0.1126983484","26","1700"
"ln_asset","2019","2015","-4","-0.09774107619","28","1810"
"ln_asset","2019","2016","-3","-0.06059996797","28","1926"
"ln_asset","2019","2017","-2","-0.01950914496","29","2050"
"ln_asset","2019","2019","0","0.08604364163","30","2170"
"ln_asset","2019","2020","1","0.1518963397","30","2170"
"ln_asset","2019","2021","2","0.1437115343","30","2170"
"ln_asset","2019","2022","3","0.1700906149","30","2165"
"ln_asset","2019","2023","4","0.1514959627","30","2160"
"ln_asset","2020","2015","-5","-0.08135481157","80","1803"
"ln_asset","2020","2016","-4","-0.09679277904","83","1919"
"ln_asset","2020","2017","-3","-0.07785866032","84","2030"
"ln_asset","2020","2018","-2","-0.01552984232","88","2170"
"ln_asset","2020","2020","0","0.03018385787","88","2304"
"ln_asset","2020","2021","1","0.0601628475","87","2287"
"ln_asset","2020","2022","2","0.07164325693","87","2280"
"ln_asset","2020","2023","3","0.05202894166","88","2273"
"ln_asset","2020","2024","4","0.0771478985","88","2290"
"ln_asset","2021","2016","-5","-0.09993749277","127","1924"
"ln_asset","2021","2017","-4","-0.04603653573","131","2036"
"ln_asset","2021","2018","-3","-0.008614439974","131","2170"
"ln_asset","2021","2019","-2","0.0004562022397","134","2304"
"ln_asset","2021","2021","0","0.05691526455","130","2417"
"ln_asset","2021","2022","1","0.1071276102","130","2403"
"ln_asset","2021","2023","2","0.09818860594","129","2397"
"ln_asset","2021","2024","3","0.09123163321","133","2415"
"ln_asset","2022","2017","-5","0.006555566578","217","2037"
"ln_asset","2022","2018","-4","-0.002623045346","217","2170"
"ln_asset","2022","2019","-3","0.02972394826","221","2287"
"ln_asset","2022","2020","-2","0.00333344942","224","2417"
"ln_asset","2022","2022","0","0.005642798347","223","2500"
"ln_asset","2022","2023","1","-0.01355480213","219","2484"
"ln_asset","2022","2024","2","-0.02650323086","225","2500"
"ln_asset","2023","2018","-5","-0.1585925092","94","2165"
"ln_asset","2023","2019","-4","-0.1104989213","100","2280"
"ln_asset","2023","2020","-3","-0.02654620396","105","2403"
"ln_asset","2023","2021","-2","0.01008402144","107","2500"
"ln_asset","2023","2023","0","0.02641096537","105","2518"
"ln_asset","2023","2024","1","-0.0310349073","107","2513"
"ln_asset","2024","2019","-5","-0.07058817726","26","2273"
"ln_asset","2024","2020","-4","-0.05360371296","32","2397"
"ln_asset","2024","2021","-3","-0.04949468106","33","2484"
"ln_asset","2024","2022","-2","-0.04461520868","33","2518"
"ln_asset","2024","2024","0","0.1422530274","33","2529"
